size,single_time,parallel_time,speedup
256,0.00014470901805907488,0.19662125001195818,0.0007359785275003282
512,0.0010819160379469395,0.15664658299647272,0.006906732449895198
1024,0.010071499971672893,0.43875074991956353,0.02295494645540619
